epoch,time,train/box_loss,train/cls_loss,train/dfl_loss,metrics/precision(B),metrics/recall(B),metrics/mAP50(B),metrics/mAP50-95(B),val/box_loss,val/cls_loss,val/dfl_loss,lr/pg0,lr/pg1,lr/pg2
1,14.7084,1.17402,0.94192,1.33528,0.98035,0.90771,0.95982,0.64841,1.17587,0.81926,1.39748,0.094018,1.8e-05,1.8e-05
2,16.6121,1.14147,0.92128,1.30172,0.81867,0.93478,0.96052,0.57817,1.32088,1.4977,1.61745,0.087038,3.80347e-05,3.80347e-05
3,18.2743,1.10831,0.8502,1.23914,0.99371,0.92631,0.9582,0.58985,1.33238,1.39267,1.51681,0.080057,5.703e-05,5.703e-05
4,20.0891,1.08246,0.79512,1.23895,0.95559,0.71103,0.87678,0.55171,1.33444,0.98246,1.51,0.073075,7.49857e-05,7.49857e-05
5,21.7901,1.12226,0.85342,1.33881,0.95552,0.94431,0.95966,0.55457,1.31857,0.814,1.52014,0.0660919,9.1902e-05,9.1902e-05
6,23.4673,1.0803,0.78045,1.28331,0.94132,0.9543,0.9573,0.6648,1.20059,0.80547,1.41911,0.0591078,0.000107779,0.000107779
7,25.0052,1.03799,0.76367,1.2083,0.93139,0.95652,0.95367,0.68428,1.15347,0.82492,1.38419,0.0521226,0.000122616,0.000122616
8,26.5721,1.08708,0.74295,1.26415,0.93104,0.95652,0.95876,0.70234,1.13776,0.81897,1.38271,0.0451364,0.000136414,0.000136414
9,28.0887,1.0573,0.77542,1.21981,0.93426,0.95652,0.95974,0.70061,1.13608,0.78772,1.37844,0.0381492,0.000149172,0.000149172
10,29.7359,1.08168,0.794,1.22221,0.93514,0.95652,0.95957,0.69302,1.13625,0.78075,1.36514,0.0311609,0.000160891,0.000160891
11,31.3934,1.03112,0.81307,1.20496,0.94265,0.95652,0.96051,0.70633,1.1378,0.72886,1.3418,0.0241716,0.00017157,0.00017157
12,33.0565,1.06488,0.78152,1.25922,0.96574,0.95652,0.96162,0.70981,1.12086,0.70933,1.31691,0.0171812,0.00018121,0.00018121
13,34.7243,1.03911,0.73532,1.17906,0.97656,0.95652,0.96336,0.70507,1.10099,0.69637,1.30427,0.0101898,0.00018981,0.00018981
14,36.3329,1.00588,0.74365,1.20112,0.97656,0.95652,0.96336,0.70507,1.10099,0.69637,1.30427,0.00319737,0.000197371,0.000197371
15,37.9316,0.98994,0.7166,1.17972,0.98282,0.95652,0.96448,0.69836,1.08352,0.67814,1.29605,0.00019605,0.00019605,0.00019605
16,39.6093,0.99433,0.73246,1.17908,0.98691,0.95652,0.96536,0.70183,1.08252,0.67448,1.28779,0.000188625,0.000188625,0.000188625
17,41.1586,1.00866,0.762,1.22049,0.98603,0.95652,0.96718,0.70188,1.08157,0.67052,1.2843,0.0001812,0.0001812,0.0001812
18,42.6693,1.01185,0.7556,1.19145,0.97749,0.95652,0.96805,0.72001,1.08315,0.68025,1.29289,0.000173775,0.000173775,0.000173775
19,44.3576,1.09937,0.83648,1.26706,0.97417,0.95652,0.96873,0.69256,1.08779,0.67029,1.29326,0.00016635,0.00016635,0.00016635
20,45.9772,1.00981,0.74458,1.197,0.9683,0.95652,0.97028,0.68718,1.09633,0.66666,1.30212,0.000158925,0.000158925,0.000158925
21,47.5562,0.99894,0.71248,1.20115,0.96718,0.95652,0.97054,0.71624,1.09943,0.6533,1.30383,0.0001515,0.0001515,0.0001515
22,49.1501,1.0036,0.72878,1.18382,0.96718,0.95652,0.97054,0.71624,1.09943,0.6533,1.30383,0.000144075,0.000144075,0.000144075
23,50.7966,1.00689,0.67987,1.17343,0.96627,0.95652,0.97139,0.71668,1.09442,0.6423,1.29738,0.00013665,0.00013665,0.00013665
24,52.388,1.03433,0.71914,1.24923,0.96415,0.95652,0.97184,0.71776,1.0754,0.64172,1.2851,0.000129225,0.000129225,0.000129225
25,53.9374,1.03505,0.72279,1.23514,0.96375,0.95652,0.96565,0.72101,1.05756,0.64312,1.2723,0.0001218,0.0001218,0.0001218
26,55.5313,0.97833,0.7275,1.17082,0.96017,0.95304,0.96611,0.6798,1.03886,0.6455,1.26338,0.000114375,0.000114375,0.000114375
27,57.1611,0.96133,0.69806,1.16416,0.96162,0.95411,0.96582,0.68291,1.02719,0.65165,1.25689,0.00010695,0.00010695,0.00010695
28,58.7639,0.95771,0.67523,1.14434,0.96062,0.95522,0.96575,0.69157,1.01957,0.65278,1.24775,9.9525e-05,9.9525e-05,9.9525e-05
29,60.4058,0.98393,0.73759,1.17643,0.95917,0.95652,0.97304,0.6938,1.02172,0.64664,1.24609,9.21e-05,9.21e-05,9.21e-05
30,62.0868,0.96834,0.70493,1.17058,0.95917,0.95652,0.97304,0.6938,1.02172,0.64664,1.24609,8.4675e-05,8.4675e-05,8.4675e-05
31,63.7617,0.96043,0.65604,1.13364,0.95794,0.95652,0.97378,0.6847,1.02399,0.64795,1.24791,7.725e-05,7.725e-05,7.725e-05
32,65.3783,0.9769,0.68251,1.13318,0.95957,0.95652,0.97378,0.68612,1.02959,0.63844,1.25187,6.9825e-05,6.9825e-05,6.9825e-05
33,67.0503,0.96,0.72004,1.17658,0.95995,0.95652,0.97417,0.68172,1.03773,0.63784,1.25885,6.24e-05,6.24e-05,6.24e-05
34,68.724,1.02697,0.7328,1.24076,0.95761,0.95652,0.97506,0.68104,1.04577,0.63907,1.26485,5.4975e-05,5.4975e-05,5.4975e-05
35,70.4412,0.99085,0.70267,1.20587,0.95952,0.95652,0.97493,0.67869,1.05539,0.63399,1.27082,4.755e-05,4.755e-05,4.755e-05
